{"cameraMode":{"drawMode":0,"name":"Shaded","section":"Shading Mode"},"sceneLighting":true,"audioPlay":false,"sceneViewState":{"showFog":true,"showMaterialUpdate":false,"showSkybox":true,"showFlares":true,"showImageEffects":true,"showParticleSystems":true},"in2DMode":false,"pivot":{"x":4.580374240875244,"y":2.3654139041900636,"z":0.674860954284668},"rotation":{"x":-0.008999153040349484,"y":-0.010499252937734127,"z":-0.00009437443077331409,"w":0.9999043941497803},"size":12.040243148803711,"orthographic":false}