{"cameraMode":{"drawMode":0,"name":"Shaded","section":"Shading Mode"},"sceneLighting":true,"audioPlay":false,"sceneViewState":{"showFog":true,"showMaterialUpdate":false,"showSkybox":true,"showFlares":true,"showImageEffects":true,"showParticleSystems":true},"in2DMode":false,"pivot":{"x":-295.73919677734377,"y":22.332489013671876,"z":-297.4148254394531},"rotation":{"x":-0.10876907408237457,"y":0.8909714818000794,"z":-0.3001103699207306,"w":-0.32291319966316225},"size":298.7057189941406,"orthographic":false}