{"cameraMode":{"drawMode":0,"name":"Shaded","section":"Shading Mode"},"sceneLighting":true,"audioPlay":false,"sceneViewState":{"showFog":true,"showMaterialUpdate":false,"showSkybox":true,"showFlares":true,"showImageEffects":true,"showParticleSystems":true},"in2DMode":false,"pivot":{"x":69.29872131347656,"y":14.463695526123047,"z":25.097183227539064},"rotation":{"x":0.19249476492404939,"y":-0.08232171088457108,"z":0.016206972301006318,"w":0.977704644203186},"size":95.60640716552735,"orthographic":false}