{"cameraMode":{"drawMode":0,"name":"Shaded","section":"Shading Mode"},"sceneLighting":true,"audioPlay":false,"sceneViewState":{"showFog":true,"showMaterialUpdate":false,"showSkybox":true,"showFlares":true,"showImageEffects":true,"showParticleSystems":true},"in2DMode":false,"pivot":{"x":0.19231551885604859,"y":-0.1282106190919876,"z":100.00131225585938},"rotation":{"x":0.011397712863981724,"y":-0.004501015413552523,"z":0.00004998104486730881,"w":0.9999249577522278},"size":10.685737609863282,"orthographic":false}