{"cameraMode":{"drawMode":0,"name":"Shaded","section":"Shading Mode"},"sceneLighting":true,"audioPlay":false,"sceneViewState":{"showFog":true,"showMaterialUpdate":false,"showSkybox":true,"showFlares":true,"showImageEffects":true,"showParticleSystems":true},"in2DMode":false,"pivot":{"x":338.81414794921877,"y":167.29083251953126,"z":-10.919207572937012},"rotation":{"x":0.16730912029743195,"y":-0.4791242778301239,"z":0.09358473867177963,"w":0.8565568327903748},"size":-41.08936309814453,"orthographic":false}